{"cameraMode":{"drawMode":0,"name":"Shaded","section":"Shading Mode"},"sceneLighting":false,"audioPlay":false,"sceneViewState":{"m_AlwaysRefresh":false,"showFog":true,"showSkybox":false,"showFlares":true,"showImageEffects":true,"showParticleSystems":true,"showVisualEffectGraphs":true,"m_FxEnabled":false},"in2DMode":false,"pivot":{"x":-0.1520165503025055,"y":0.006202995777130127,"z":0.21520599722862245},"rotation":{"x":-0.2611006498336792,"y":0.1060168519616127,"z":-0.028863029554486276,"w":-0.9590399861335754},"size":0.40225401520729067,"orthographic":false}