{"cameraMode":{"drawMode":0,"name":"Shaded","section":"Shading Mode"},"sceneLighting":false,"audioPlay":false,"sceneViewState":{"m_AlwaysRefresh":false,"showFog":true,"showSkybox":false,"showFlares":true,"showImageEffects":true,"showParticleSystems":true,"showVisualEffectGraphs":true,"m_FxEnabled":true},"in2DMode":false,"pivot":{"x":-0.0002079010009765625,"y":1.2590534687042237,"z":-0.07447972893714905},"rotation":{"x":0.009065727703273297,"y":0.9872843027114868,"z":-0.1464979350566864,"w":0.061093054711818698},"size":0.8179528713226318,"orthographic":false}